{
  "protocol_version": 2,
  "experiment_stem": "shared_transformer_head_live_encoder_attention_derf_unfreeze_last_4",
  "included_subsets": [
    "ravdess",
    "casia",
    "esd",
    "emodb",
    "iemocap"
  ],
  "auxiliary_subsets": [
    "tess"
  ],
  "num_runs": 1,
  "num_seeds": 1,
  "seeds": [
    42
  ],
  "source_summary_filenames": [
    "shared_transformer_head_live_encoder_attention_derf_unfreeze_last_4_seed42_summary.json"
  ],
  "aggregate_mean_std": {
    "best_val_loss": {
      "mean": 0.33935267784370765,
      "std": 0.0
    },
    "best_val_acc": {
      "mean": 0.7986534820113612,
      "std": 0.0
    },
    "selected_val_uar": {
      "mean": 0.6958722434400286,
      "std": 0.0
    },
    "selected_val_subset_mean_uar": {
      "mean": 0.6395360961202058,
      "std": 0.0
    },
    "test_acc": {
      "mean": 0.7190455717970765,
      "std": 0.0
    },
    "test_subset_mean_uar": {
      "mean": 0.6172424319510151,
      "std": 0.0
    },
    "macro_f1": {
      "mean": 0.6964050194529937,
      "std": 0.0
    },
    "weighted_f1": {
      "mean": 0.7168366258578134,
      "std": 0.0
    },
    "uar": {
      "mean": 0.714125020648861,
      "std": 0.0
    }
  },
  "best_val_loss": 0.33935267784370765,
  "best_val_acc": 0.7986534820113612,
  "selected_val_uar": 0.6958722434400286,
  "selected_val_subset_mean_uar": 0.6395360961202058,
  "test_acc": 0.7190455717970765,
  "test_subset_mean_uar": 0.6172424319510151,
  "macro_f1": 0.6964050194529937,
  "weighted_f1": 0.7168366258578134,
  "uar": 0.714125020648861
}