{
  "protocol_version": 2,
  "experiment_stem": "shared_transformer_head_live_encoder_attention_derf_unfreeze_last_2",
  "included_subsets": [
    "ravdess",
    "casia",
    "esd",
    "emodb",
    "iemocap"
  ],
  "auxiliary_subsets": [
    "tess"
  ],
  "num_runs": 1,
  "num_seeds": 1,
  "seeds": [
    42
  ],
  "source_summary_filenames": [
    "shared_transformer_head_live_encoder_attention_derf_unfreeze_last_2_seed42_summary.json"
  ],
  "aggregate_mean_std": {
    "best_val_loss": {
      "mean": 0.3365703398961783,
      "std": 0.0
    },
    "best_val_acc": {
      "mean": 0.780559646539028,
      "std": 0.0
    },
    "selected_val_uar": {
      "mean": 0.727175808938413,
      "std": 0.0
    },
    "selected_val_subset_mean_uar": {
      "mean": 0.6173825922837305,
      "std": 0.0
    },
    "test_acc": {
      "mean": 0.7306534823731728,
      "std": 0.0
    },
    "test_subset_mean_uar": {
      "mean": 0.6046057743344507,
      "std": 0.0
    },
    "macro_f1": {
      "mean": 0.692810019403754,
      "std": 0.0
    },
    "weighted_f1": {
      "mean": 0.7230259827265606,
      "std": 0.0
    },
    "uar": {
      "mean": 0.7213788503833699,
      "std": 0.0
    }
  },
  "best_val_loss": 0.3365703398961783,
  "best_val_acc": 0.780559646539028,
  "selected_val_uar": 0.727175808938413,
  "selected_val_subset_mean_uar": 0.6173825922837305,
  "test_acc": 0.7306534823731728,
  "test_subset_mean_uar": 0.6046057743344507,
  "macro_f1": 0.692810019403754,
  "weighted_f1": 0.7230259827265606,
  "uar": 0.7213788503833699
}