{
  "protocol_version": 2,
  "experiment_stem": "shared_transformer_head_cached_sequence_attention_layernorm_freeze_all",
  "included_subsets": [
    "ravdess",
    "casia",
    "esd",
    "emodb",
    "iemocap"
  ],
  "auxiliary_subsets": [
    "tess"
  ],
  "num_seeds": 1,
  "seeds": [],
  "source_summary_filenames": [
    "shared_transformer_head_cached_sequence_attention_layernorm_freeze_all_summary.json"
  ],
  "aggregate_mean_std": {
    "best_val_loss": {
      "mean": 1.100720733587317,
      "std": 0.0
    },
    "best_val_acc": {
      "mean": 0.690737489025461,
      "std": 0.0
    },
    "test_acc": {
      "mean": 0.7387091192247793,
      "std": 0.0
    },
    "macro_f1": {
      "mean": 0.6976306694472661,
      "std": 0.0
    },
    "weighted_f1": {
      "mean": 0.727040900415781,
      "std": 0.0
    },
    "uar": {
      "mean": 0.698273179621867,
      "std": 0.0
    }
  },
  "best_val_loss": 1.100720733587317,
  "best_val_acc": 0.690737489025461,
  "test_acc": 0.7387091192247793,
  "macro_f1": 0.6976306694472661,
  "weighted_f1": 0.727040900415781,
  "uar": 0.698273179621867
}