{
  "protocol_version": 2,
  "experiment_stem": "shared_transformer_head_cached_sequence_attention_derf_freeze_all",
  "included_subsets": [
    "ravdess",
    "casia",
    "esd",
    "emodb",
    "iemocap"
  ],
  "auxiliary_subsets": [
    "tess"
  ],
  "num_seeds": 1,
  "seeds": [],
  "source_summary_filenames": [
    "shared_transformer_head_cached_sequence_attention_derf_freeze_all_summary.json"
  ],
  "aggregate_mean_std": {
    "best_val_loss": {
      "mean": 1.2279802561852888,
      "std": 0.0
    },
    "best_val_acc": {
      "mean": 0.6946883230904302,
      "std": 0.0
    },
    "selected_val_uar": {
      "mean": 0.6874271733466238,
      "std": 0.0
    },
    "test_acc": {
      "mean": 0.6897387091192247,
      "std": 0.0
    },
    "macro_f1": {
      "mean": 0.6621050460999042,
      "std": 0.0
    },
    "weighted_f1": {
      "mean": 0.6815230841301708,
      "std": 0.0
    },
    "uar": {
      "mean": 0.6984291690865482,
      "std": 0.0
    }
  },
  "best_val_loss": 1.2279802561852888,
  "best_val_acc": 0.6946883230904302,
  "selected_val_uar": 0.6874271733466238,
  "test_acc": 0.6897387091192247,
  "macro_f1": 0.6621050460999042,
  "weighted_f1": 0.6815230841301708,
  "uar": 0.6984291690865482
}