{
  "protocol_version": 2,
  "experiment_stem": "shared_transformer_head_live_encoder_attention_derf_unfreeze_last_2",
  "num_runs": 1,
  "num_seeds": 1,
  "seeds": [
    42
  ],
  "source_summary_filenames": [
    "shared_transformer_head_live_encoder_attention_derf_unfreeze_last_2_seed42_summary.json"
  ],
  "aggregate_mean_std": {
    "best_val_loss": {
      "mean": 0.33629278621470404,
      "std": 0.0
    },
    "best_val_acc": {
      "mean": 0.7790943715615742,
      "std": 0.0
    },
    "selected_val_uar": {
      "mean": 0.7091867263009024,
      "std": 0.0
    },
    "selected_val_subset_mean_uar": {
      "mean": 0.6678848126191814,
      "std": 0.0
    },
    "test_acc": {
      "mean": 0.7275474956822107,
      "std": 0.0
    },
    "test_subset_mean_uar": {
      "mean": 0.6672946733760238,
      "std": 0.0
    },
    "macro_f1": {
      "mean": 0.7057249514951054,
      "std": 0.0
    },
    "weighted_f1": {
      "mean": 0.7226495213250678,
      "std": 0.0
    },
    "uar": {
      "mean": 0.7114440820122753,
      "std": 0.0
    }
  },
  "included_subsets": [
    "ravdess",
    "casia",
    "esd",
    "emodb",
    "iemocap"
  ],
  "auxiliary_subsets": [
    "tess"
  ],
  "best_val_loss": 0.33629278621470404,
  "best_val_acc": 0.7790943715615742,
  "selected_val_uar": 0.7091867263009024,
  "selected_val_subset_mean_uar": 0.6678848126191814,
  "test_acc": 0.7275474956822107,
  "test_subset_mean_uar": 0.6672946733760238,
  "macro_f1": 0.7057249514951054,
  "weighted_f1": 0.7226495213250678,
  "uar": 0.7114440820122753
}