{
  "protocol_version": 2,
  "experiment_stem": "shared_transformer_head_live_encoder_attention_dyt_unfreeze_last_2",
  "num_runs": 1,
  "num_seeds": 1,
  "seeds": [
    42
  ],
  "source_summary_filenames": [
    "shared_transformer_head_live_encoder_attention_dyt_unfreeze_last_2_seed42_summary.json"
  ],
  "aggregate_mean_std": {
    "best_val_loss": {
      "mean": 0.3365798719271456,
      "std": 0.0
    },
    "best_val_acc": {
      "mean": 0.7801523487092679,
      "std": 0.0
    },
    "selected_val_uar": {
      "mean": 0.7174434308278995,
      "std": 0.0
    },
    "selected_val_subset_mean_uar": {
      "mean": 0.6722902772578337,
      "std": 0.0
    },
    "test_acc": {
      "mean": 0.7260362694300518,
      "std": 0.0
    },
    "test_subset_mean_uar": {
      "mean": 0.6660085737033541,
      "std": 0.0
    },
    "macro_f1": {
      "mean": 0.7025000885079757,
      "std": 0.0
    },
    "weighted_f1": {
      "mean": 0.7208273301622331,
      "std": 0.0
    },
    "uar": {
      "mean": 0.7098413607593067,
      "std": 0.0
    }
  },
  "included_subsets": [
    "ravdess",
    "casia",
    "esd",
    "emodb",
    "iemocap"
  ],
  "auxiliary_subsets": [
    "tess"
  ],
  "best_val_loss": 0.3365798719271456,
  "best_val_acc": 0.7801523487092679,
  "selected_val_uar": 0.7174434308278995,
  "selected_val_subset_mean_uar": 0.6722902772578337,
  "test_acc": 0.7260362694300518,
  "test_subset_mean_uar": 0.6660085737033541,
  "macro_f1": 0.7025000885079757,
  "weighted_f1": 0.7208273301622331,
  "uar": 0.7098413607593067
}