{
  "protocol_version": 2,
  "experiment_stem": "shared_transformer_head_live_encoder_attention_derf_freeze_all",
  "included_subsets": [
    "ravdess",
    "casia",
    "esd",
    "emodb",
    "iemocap"
  ],
  "auxiliary_subsets": [
    "tess"
  ],
  "num_runs": 1,
  "num_seeds": 1,
  "seeds": [
    42
  ],
  "source_summary_filenames": [
    "shared_transformer_head_live_encoder_attention_derf_freeze_all_seed42_summary.json"
  ],
  "aggregate_mean_std": {
    "best_val_loss": {
      "mean": 0.3701954305535639,
      "std": 0.0
    },
    "best_val_acc": {
      "mean": 0.7660424994740164,
      "std": 0.0
    },
    "selected_val_uar": {
      "mean": 0.65188738881607,
      "std": 0.0
    },
    "selected_val_subset_mean_uar": {
      "mean": 0.5918259046149034,
      "std": 0.0
    },
    "test_acc": {
      "mean": 0.7401117798796216,
      "std": 0.0
    },
    "test_subset_mean_uar": {
      "mean": 0.6474239641366063,
      "std": 0.0
    },
    "macro_f1": {
      "mean": 0.7139784164361386,
      "std": 0.0
    },
    "weighted_f1": {
      "mean": 0.7357968389666616,
      "std": 0.0
    },
    "uar": {
      "mean": 0.7158651920909177,
      "std": 0.0
    }
  },
  "best_val_loss": 0.3701954305535639,
  "best_val_acc": 0.7660424994740164,
  "selected_val_uar": 0.65188738881607,
  "selected_val_subset_mean_uar": 0.5918259046149034,
  "test_acc": 0.7401117798796216,
  "test_subset_mean_uar": 0.6474239641366063,
  "macro_f1": 0.7139784164361386,
  "weighted_f1": 0.7357968389666616,
  "uar": 0.7158651920909177
}