{
  "protocol_version": 2,
  "experiment_stem": "shared_transformer_head_cached_sequence_attention_layernorm_freeze_all",
  "included_subsets": [
    "ravdess",
    "casia",
    "esd",
    "emodb",
    "iemocap"
  ],
  "auxiliary_subsets": [
    "tess"
  ],
  "num_runs": 1,
  "num_seeds": 1,
  "seeds": [
    42
  ],
  "source_summary_filenames": [
    "shared_transformer_head_cached_sequence_attention_layernorm_freeze_all_seed42_summary.json"
  ],
  "aggregate_mean_std": {
    "best_val_loss": {
      "mean": 1.0861040651484737,
      "std": 0.0
    },
    "best_val_acc": {
      "mean": 0.7641489585524932,
      "std": 0.0
    },
    "selected_val_uar": {
      "mean": 0.7088831099766507,
      "std": 0.0
    },
    "selected_val_subset_mean_uar": {
      "mean": 0.594775682139186,
      "std": 0.0
    },
    "test_acc": {
      "mean": 0.7160361134995701,
      "std": 0.0
    },
    "test_subset_mean_uar": {
      "mean": 0.606142543423048,
      "std": 0.0
    },
    "macro_f1": {
      "mean": 0.6732144015383937,
      "std": 0.0
    },
    "weighted_f1": {
      "mean": 0.70093872103104,
      "std": 0.0
    },
    "uar": {
      "mean": 0.6873206660468841,
      "std": 0.0
    }
  },
  "best_val_loss": 1.0861040651484737,
  "best_val_acc": 0.7641489585524932,
  "selected_val_uar": 0.7088831099766507,
  "selected_val_subset_mean_uar": 0.594775682139186,
  "test_acc": 0.7160361134995701,
  "test_subset_mean_uar": 0.606142543423048,
  "macro_f1": 0.6732144015383937,
  "weighted_f1": 0.70093872103104,
  "uar": 0.6873206660468841
}