{
  "protocol_version": 2,
  "experiment_stem": "shared_transformer_head_cached_sequence_attention_dyt_freeze_all",
  "included_subsets": [
    "ravdess",
    "casia",
    "esd",
    "emodb",
    "iemocap"
  ],
  "auxiliary_subsets": [
    "tess"
  ],
  "num_runs": 1,
  "num_seeds": 1,
  "seeds": [
    42
  ],
  "source_summary_filenames": [
    "shared_transformer_head_cached_sequence_attention_dyt_freeze_all_seed42_summary.json"
  ],
  "aggregate_mean_std": {
    "best_val_loss": {
      "mean": 1.0894808155246818,
      "std": 0.0
    },
    "best_val_acc": {
      "mean": 0.7551020408163265,
      "std": 0.0
    },
    "selected_val_uar": {
      "mean": 0.7181819421364931,
      "std": 0.0
    },
    "selected_val_subset_mean_uar": {
      "mean": 0.6075535834434062,
      "std": 0.0
    },
    "test_acc": {
      "mean": 0.7164660361134996,
      "std": 0.0
    },
    "test_subset_mean_uar": {
      "mean": 0.6310883548808428,
      "std": 0.0
    },
    "macro_f1": {
      "mean": 0.6825748761517856,
      "std": 0.0
    },
    "weighted_f1": {
      "mean": 0.7078589816841989,
      "std": 0.0
    },
    "uar": {
      "mean": 0.6946914760596469,
      "std": 0.0
    }
  },
  "best_val_loss": 1.0894808155246818,
  "best_val_acc": 0.7551020408163265,
  "selected_val_uar": 0.7181819421364931,
  "selected_val_subset_mean_uar": 0.6075535834434062,
  "test_acc": 0.7164660361134996,
  "test_subset_mean_uar": 0.6310883548808428,
  "macro_f1": 0.6825748761517856,
  "weighted_f1": 0.7078589816841989,
  "uar": 0.6946914760596469
}